11.11.12.109,7575,null,null,null
11.11.12.110,7575,null,null,null
11.11.12.111,7575,null,null,null
11.11.12.112,7575,null,null,null
11.11.12.113,7575,null,null,null
11.11.12.114,7575,null,null,null
11.11.12.115,7575,null,null,null
11.11.12.116,7575,null,null,null
11.11.12.117,7575,null,null,null
11.11.12.118,7575,null,null,null
11.11.12.119,7575,null,null,null
11.11.12.120,7575,null,null,null
11.11.12.121,7575,null,null,null
11.11.12.122,7575,null,null,null
11.11.12.123,7575,null,null,null
11.11.12.124,7575,null,null,null
11.11.12.125,7575,null,null,null
11.11.12.126,7575,null,null,null
11.11.12.127,7575,null,null,null
11.11.12.128,7575,null,null,null
11.11.12.129,7575,null,null,null
11.11.12.130,7575,null,null,null
11.11.12.131,7575,null,null,null
11.11.12.132,7575,null,null,null
11.11.12.133,7575,null,null,null
11.11.12.134,7575,null,null,null
11.11.12.135,7575,null,null,null
11.11.12.136,7575,null,null,null
127.0.0.1,7575,null,null,null
11.11.12.150,7575,null,null,null
10.202.230.219,8080,null,null,null