sns,instagram,1092005051,null,null,null,null
sns,instagram,1092970124,null,null,null,null
sns,instagram,1093092541,null,null,null,null
sns,instagram,1093654704,null,null,null,null
sns,instagram,1093722688,null,null,null,null
sns,instagram,1093770800,null,null,null,null
sns,instagram,1093784951,null,null,null,null
sns,instagram,1094064900,null,null,null,null
sns,instagram,1094175494,null,null,null,null
sns,instagram,1095673362,null,null,null,null
sns,instagram,1095982966,null,null,null,null
sns,instagram,1096135490,null,null,null,null
sns,instagram,1096147842,null,null,null,null
sns,instagram,109636,null,null,null,null
sns,instagram,1096822738,null,null,null,null
sns,instagram,1097040485,null,null,null,null
sns,instagram,1097160189,null,null,null,null
sns,instagram,1097190713,null,null,null,null
sns,instagram,1097253799,null,null,null,null
sns,instagram,1097319227,null,null,null,null
sns,instagram,1097424954,null,null,null,null
sns,instagram,1097515489,null,null,null,null
sns,instagram,10976127,null,null,null,null
sns,instagram,1097721496,null,null,null,null
sns,instagram,1097725204,null,null,null,null
sns,instagram,1097853859,null,null,null,null
sns,instagram,1098163048,null,null,null,null
sns,instagram,1098229592,null,null,null,null
sns,instagram,1098402766,null,null,null,null
sns,instagram,1098413859,null,null,null,null
sns,instagram,1098597289,null,null,null,null
sns,instagram,1098830285,null,null,null,null
sns,instagram,1098875837,null,null,null,null
sns,instagram,10988812,null,null,null,null
sns,instagram,10990453,null,null,null,null
sns,instagram,1099051147,null,null,null,null
sns,instagram,1099298815,null,null,null,null
sns,instagram,1099458366,null,null,null,null
sns,instagram,1099549377,null,null,null,null
sns,instagram,1099591485,null,null,null,null
sns,instagram,1099601876,null,null,null,null
sns,instagram,1099919136,null,null,null,null
sns,instagram,1099931692,null,null,null,null
sns,instagram,1100021179,null,null,null,null
sns,instagram,1100341436,null,null,null,null
sns,instagram,11003550,null,null,null,null